<?xml version="1.0" encoding="utf-8"?>
<productAdditionalComps>
   <dependsOn>
      <component>
         <name>Retrospective</name>
         <locale/>
         <platformList>
            <platform>maci64</platform>
         </platformList>
         <version>8.2</version>
      </component>
   </dependsOn>
   <isControllingProduct>true</isControllingProduct>
   <platform>maci64</platform>
   <productName>Retrospective</productName>
   <productNumber>5000</productNumber>
   <productBaseCode>Retrospective</productBaseCode>
   <productVersion>8.2</productVersion>
   <releaseFamily>R2022a</releaseFamily>
   <releaseDescription>R2022a</releaseDescription>
</productAdditionalComps>